Metric,Standard LLM,RAG Enhanced,Difference,Improvement %
Response Time (s),37.38407629398589,4.557905735868089,-32.8261705581178,N/A
Response Length,1910.4255319148936,175.18297872340426,-1735.2425531914894,-90.83%
Semantic Similarity,0.5649903078424804,0.5575118460395234,-0.0074784618029569054,-1.32%
Lexical Overlap,0.0712794065851019,0.12304588416680608,0.05176647758170418,72.62%
